,Plant state abbreviation,Plant name,DOE/EIA ORIS plant or facility code,Balancing Authority Code,Plant primary fuel,Plant primary coal/oil/gas/ other fossil fuel category,Plant capacity factor,Plant nameplate capacity (MW),Date,Prices
4,DC,US GSA Heating and Transmission,57788,PJM,NG,GAS,0.25022,10.8,2016-01-05,2.33
370,DE,Brookside Newark,58110,PJM,NG,GAS,0.81507,3.1,2016-01-05,2.33
736,DE,Garrison Energy Center,57349,PJM,NG,GAS,0.49492,361,2016-01-05,2.33
1102,DE,Hay Road,7153,PJM,NG,GAS,0.36895,1193,2016-01-05,2.33
1468,DE,McKee Run,599,PJM,NG,GAS,0.02528,151.2,2016-01-05,2.33
1834,DE,NRG Energy Center Dover,10030,PJM,NG,GAS,0.22767,118,2016-01-05,2.33
2200,DE,Red Lion Energy Center,58433,PJM,NG,GAS,0.86867,27,2016-01-05,2.33
2566,DE,Warren F. Sam Beasley Pwr Station,7962,PJM,NG,GAS,0.0867,96,2016-01-05,2.33
2932,IL,1515 S Caron Road,7770,PJM,NG,GAS,0.00832,4.2,2016-01-05,2.33
3298,IL,Adkins Energy LLC,58136,PJM,NG,GAS,0.57854,5,2016-01-05,2.33
3664,IL,Argonne National Laboratory CHP,60742,PJM,NG,GAS,0.24029,6.3,2016-01-05,2.33
4030,IL,Aurora,55279,PJM,NG,GAS,0.03421,1275,2016-01-05,2.33
4396,IL,BP Naperville Cogeneration Facility,50722,PJM,NG,GAS,0.47501,8.3,2016-01-05,2.33
4762,IL,Bunge Oil,52034,PJM,NG,GAS,0.81187,3.5,2016-01-05,2.33
5128,IL,"Calumet Energy Team, LLC",55296,PJM,NG,GAS,0.00736,312.8,2016-01-05,2.33
5494,IL,Charter Dura-Bar,54540,PJM,NG,GAS,,6,2016-01-05,2.33
5860,IL,Chicago West Side Energy Center,59794,PJM,NG,GAS,0.62606,3.5,2016-01-05,2.33
6226,IL,Cordova Energy Company,55188,PJM,NG,GAS,0.00857,611.2,2016-01-05,2.33
6592,IL,Crete Energy Park,55253,PJM,NG,GAS,0.03006,356,2016-01-05,2.33
6958,IL,CSL Behring LLC,54790,PJM,NG,GAS,0.81906,4.2,2016-01-05,2.33
7324,IL,"Elgin Energy Center, LLC",55438,PJM,NG,GAS,0.04889,540,2016-01-05,2.33
7690,IL,Elwood Energy Facility,55199,PJM,NG,GAS,0.07902,1728,2016-01-05,2.33
8056,IL,Evanston Township High School,54788,PJM,NG,GAS,0,2.4,2016-01-05,2.33
8422,IL,Fox Metro Water Reclamation District,50904,PJM,NG,GAS,0.00092,2.2,2016-01-05,2.33
8788,IL,General Mills West Chicago,54924,PJM,NG,GAS,0,6.4,2016-01-05,2.33
9154,IL,Geneva Generation Facility,56462,PJM,NG,GAS,0.02334,31.5,2016-01-05,2.33
9520,IL,Hoffer Plastics,54523,PJM,NG,GAS,0.01475,7.2,2016-01-05,2.33
9886,IL,Invenergy Nelson Expansion LLC,60387,PJM,NG,GAS,,380,2016-01-05,2.33
10252,IL,ITT Cogen Facility,52021,PJM,NG,GAS,0.0004,7.4,2016-01-05,2.33
10618,IL,Joliet 29,384,PJM,NG,GAS,0.13846,1320,2016-01-05,2.33
10984,IL,Joliet 9,874,PJM,NG,GAS,0.0465,507.6,2016-01-05,2.33
11350,IL,Kendall Energy Facility,55131,PJM,NG,GAS,0.65397,1256,2016-01-05,2.33
11716,IL,Lake Forest Hospital,60797,PJM,NG,GAS,0.01199,3.2,2016-01-05,2.33
12082,IL,"Lee County Generating Station, LLC",55236,PJM,NG,GAS,0.0077,814.4,2016-01-05,2.33
12448,IL,Lincoln Generating Facility,55222,PJM,NG,GAS,0.01044,692,2016-01-05,2.33
12814,IL,Loyola University Health Plant,58181,PJM,NG,GAS,0.10891,10.6,2016-01-05,2.33
13180,IL,"LSP University Park, LLC",55640,PJM,NG,GAS,0.13339,726,2016-01-05,2.33
13546,IL,Mars Snackfood US,54855,PJM,NG,GAS,0.90124,3.5,2016-01-05,2.33
13912,IL,Mondelez Global LLC,54933,PJM,NG,GAS,0.03466,4.7,2016-01-05,2.33
14278,IL,Mooseheart Power House,50337,PJM,NG,GAS,0,1.8,2016-01-05,2.33
14644,IL,"Morris Cogeneration, LLC",55216,PJM,NG,GAS,0.30426,218.8,2016-01-05,2.33
15010,IL,MPEA Energy Center,55067,PJM,NG,GAS,0,9.3,2016-01-05,2.33
15376,IL,MTHS Co-Gen Buildings,58825,PJM,NG,GAS,0,1.2,2016-01-05,2.33
15742,IL,Museum of Science and Industry,58635,PJM,NG,GAS,0,1.7,2016-01-05,2.33
16108,IL,Nalco,50326,PJM,NG,GAS,0.34213,4.7,2016-01-05,2.33
16474,IL,Nelson Energy Center,55183,PJM,NG,GAS,0.19172,627.5,2016-01-05,2.33
16840,IL,North Chicago Energy Center,58328,PJM,NG,GAS,0.32872,12.4,2016-01-05,2.33
17206,IL,Northeastern Illinois University Cogen,58245,PJM,NG,GAS,0.00084,3.2,2016-01-05,2.33
17572,IL,Northwest Community Hospital,59847,PJM,NG,GAS,0.00324,4.4,2016-01-05,2.33
17938,IL,Panduit Tinley Park,54932,PJM,NG,GAS,0,1.4,2016-01-05,2.33
18304,IL,Presence Saint Mary of Nazareth Hospital,54886,PJM,NG,GAS,0,5,2016-01-05,2.33
18670,IL,Rockford Energy Center,55238,PJM,NG,GAS,0.05958,316,2016-01-05,2.33
19036,IL,Rockford II Energy Center,55936,PJM,NG,GAS,0.08032,168,2016-01-05,2.33
19402,IL,"Rocky Road Power, LLC",55109,PJM,NG,GAS,0.02064,415.5,2016-01-05,2.33
19768,IL,Saint Francis Hospital,50952,PJM,NG,GAS,,1.6,2016-01-05,2.33
20134,IL,South Main Street,961,PJM,NG,GAS,0.00628,27.3,2016-01-05,2.33
20500,IL,Southeast Chicago Energy Project,55281,PJM,NG,GAS,0.01115,407.2,2016-01-05,2.33
20866,IL,Thornridge High School,55005,PJM,NG,GAS,0.00011,1,2016-01-05,2.33
21232,IL,Thornwood High School,55004,PJM,NG,GAS,0.00049,1.4,2016-01-05,2.33
21598,IL,Triton East and West Cogen,58375,PJM,NG,GAS,0.00117,3.6,2016-01-05,2.33
21964,IL,University of Illinois Cogen Facility,54044,PJM,NG,GAS,0.15055,59.9,2016-01-05,2.33
22330,IL,University Park Energy,55250,PJM,NG,GAS,0.06701,353.4,2016-01-05,2.33
22696,IL,WestRock (IL),54513,PJM,NG,GAS,0.00031,2.9,2016-01-05,2.33
23062,IL,Winnetka,972,PJM,NG,GAS,0.01659,33.4,2016-01-05,2.33
23428,IL,Woodridge Greene Valley Treatment Plant,54987,PJM,NG,GAS,0.00183,1.5,2016-01-05,2.33
23794,IL,Zion Energy Center,55392,PJM,NG,GAS,0.04999,994.5,2016-01-05,2.33
24160,IN,Anderson,7336,PJM,NG,GAS,0.00835,168.7,2016-01-05,2.33
24526,IN,Bunge North America East LLC,50316,PJM,NG,GAS,0.63419,2,2016-01-05,2.33
24892,IN,Lawrenceburg Energy Facility,55502,PJM,NG,GAS,0.70522,1232,2016-01-05,2.33
25258,IN,Richmond (IN),7335,PJM,NG,GAS,0.00416,82.8,2016-01-05,2.33
25624,IN,St Joseph Energy Center,57794,PJM,NG,GAS,,1406,2016-01-05,2.33
25990,IN,University of Notre Dame,50366,PJM,NG,GAS,0.28827,28.8,2016-01-05,2.33
26356,KY,Big Sandy,1353,PJM,NG,GAS,0.05518,1096.8,2016-01-05,2.33
26722,KY,Riverside Generating Company,55198,PJM,NG,GAS,0.05195,1150,2016-01-05,2.33
27088,KY,Smith Generating Facility,54,PJM,NG,GAS,0.01533,1663.4,2016-01-05,2.33
27454,MD,APG Combined Heat and Power Plant,61282,PJM,NG,GAS,0.23282,7.9,2016-01-05,2.33
27820,MD,Brandywine Power Facility,54832,PJM,NG,GAS,0.53488,288.8,2016-01-05,2.33
28186,MD,Central Utility Plant at White Oak,58207,PJM,NG,GAS,0.21475,54.3,2016-01-05,2.33
28552,MD,Chalk Point,1571,PJM,NG,GAS,0.12028,2647,2016-01-05,2.33
28918,MD,Cove Point LNG Terminal,59073,PJM,NG,GAS,0.08592,228.6,2016-01-05,2.33
29284,MD,CPV St Charles Energy Center,56846,PJM,NG,GAS,0.00058,746,2016-01-05,2.33
29650,MD,Domino Sugar Baltimore,54795,PJM,NG,GAS,0.26018,20,2016-01-05,2.33
30016,MD,Gould Street,1553,PJM,NG,GAS,0.0208,103.5,2016-01-05,2.33
30382,MD,Green Machine,59282,PJM,NG,GAS,0.52511,1.7,2016-01-05,2.33
30748,MD,Inner Harbor East Heating,56050,PJM,NG,GAS,0,2.1,2016-01-05,2.33
31114,MD,Keys Energy Center,60302,PJM,NG,GAS,,829,2016-01-05,2.33
31480,MD,Mattawoman Energy Center,59662,PJM,NG,GAS,,1008,2016-01-05,2.33
31846,MD,NIH Cogeneration Facility,56668,PJM,NG,GAS,0.70428,22,2016-01-05,2.33
32212,MD,Notch Cliff,1555,PJM,NG,GAS,0.02809,144,2016-01-05,2.33
32578,MD,Perryman,1556,PJM,NG,GAS,0.1157,545.4,2016-01-05,2.33
32944,MD,Riverside,1559,PJM,NG,GAS,0.00064,257.2,2016-01-05,2.33
33310,MD,Rock Springs Generating Facility,7835,PJM,NG,GAS,0.12914,773.6,2016-01-05,2.33
33676,MD,UMCP CHP Plant,56038,PJM,NG,GAS,0.64884,27.4,2016-01-05,2.33
34042,MD,Westport,1560,PJM,NG,GAS,0.06039,121.5,2016-01-05,2.33
34408,MD,Wildcat Point Generation Facility,59220,PJM,NG,GAS,,1113.6,2016-01-05,2.33
34774,MI,Sturgis City  Diesel Plant,1855,PJM,NG,GAS,0.00116,10,2016-01-05,2.33
35140,NC,Rosemary Power Station,50555,PJM,NG,GAS,0.04756,180,2016-01-05,2.33
35506,NJ,ACI Energy Partners LLC,58442,PJM,NG,GAS,,7.8,2016-01-05,2.33
35872,NJ,Anheuser-Busch Newark Brewery,54913,PJM,NG,GAS,,13,2016-01-05,2.33
36238,NJ,"Bayonne Plant Holding, LLC",50497,PJM,NG,GAS,0.22482,191.6,2016-01-05,2.33
36604,NJ,Bergen,2398,PJM,NG,GAS,0.39168,1419.4,2016-01-05,2.33
36970,NJ,Bristol Myers Squibb Lawrenceville,58947,PJM,NG,GAS,0.67023,5.6,2016-01-05,2.33
37336,NJ,Bristol Myers Squibb New Brunswick,54829,PJM,NG,GAS,0.64415,10.5,2016-01-05,2.33
37702,NJ,Burlington Generating Station,2399,PJM,NG,GAS,0.00915,819,2016-01-05,2.33
38068,NJ,"Camden Plant Holding, LLC",10751,PJM,NG,GAS,0.20561,157,2016-01-05,2.33
38434,NJ,Carlls Corner Energy Center,2379,PJM,NG,GAS,0.02624,83.8,2016-01-05,2.33
38800,NJ,CIP II/AR Bridgewater Holdings - NJCOE,10122,PJM,NG,GAS,0.32679,8.7,2016-01-05,2.33
39166,NJ,Clayville,58235,PJM,NG,GAS,0.20259,73,2016-01-05,2.33
39532,NJ,College of New Jersey,58165,PJM,NG,GAS,0.5563,6.2,2016-01-05,2.33
39898,NJ,Cumberland Energy Center,5083,PJM,NG,GAS,0.05726,231.2,2016-01-05,2.33
40264,NJ,"E F Kenilworth, Inc.",10805,PJM,NG,GAS,0.51235,28.8,2016-01-05,2.33
40630,NJ,Eagle Point Power Generation,50561,PJM,NG,GAS,0.33978,251.8,2016-01-05,2.33
40996,NJ,"EFS Parlin Holdings, LLC",50799,PJM,NG,GAS,0.03668,135,2016-01-05,2.33
41362,NJ,Elmwood Park Power - LLC,50852,PJM,NG,GAS,0.04472,83,2016-01-05,2.33
41728,NJ,Essex,2401,PJM,NG,GAS,0.00396,595.2,2016-01-05,2.33
42094,NJ,"Gateway Energy Center, LLC",59538,PJM,NG,GAS,,440,2016-01-05,2.33
42460,NJ,Gilbert Generating Station,2393,PJM,NG,GAS,0.01041,608,2016-01-05,2.33
42826,NJ,Glen Gardner,8227,PJM,NG,GAS,,159.6,2016-01-05,2.33
43192,NJ,Haworth Water Treatment Plant,56701,PJM,NG,GAS,0.12272,16,2016-01-05,2.33
43558,NJ,Hoffmann LaRoche,10123,PJM,NG,GAS,0.01773,22.6,2016-01-05,2.33
43924,NJ,Howard M Down,2434,PJM,NG,GAS,0.11715,138.7,2016-01-05,2.33
44290,NJ,Hunterdon Cogen Facility,54707,PJM,NG,GAS,0.00067,4.1,2016-01-05,2.33
44656,NJ,Kearny Generating Station,2404,PJM,NG,GAS,0.04464,1425.9,2016-01-05,2.33
45022,NJ,Lakewood,54640,PJM,NG,GAS,0.56926,236.8,2016-01-05,2.33
45388,NJ,Linden Generating Station,2406,PJM,NG,GAS,0.34519,2121.3,2016-01-05,2.33
45754,NJ,MARS Chocolate North American LLC,10061,PJM,NG,GAS,0.61818,10.2,2016-01-05,2.33
46120,NJ,Merck Rahway Power Plant,10224,PJM,NG,GAS,0.0238,20.3,2016-01-05,2.33
46486,NJ,Mickleton Energy Center,8008,PJM,NG,GAS,0.00978,71.2,2016-01-05,2.33
46852,NJ,Middlesex Energy Center LLC,59909,PJM,NG,GAS,,560,2016-01-05,2.33
47218,NJ,NEO Freehold Gen LLC,56169,PJM,NG,GAS,0.60077,2.2,2016-01-05,2.33
47584,NJ,Newark Bay Cogen,50385,PJM,NG,GAS,0.30154,139,2016-01-05,2.33
47950,NJ,Newark Energy Center,58079,PJM,NG,GAS,0.67257,735,2016-01-05,2.33
48316,NJ,North Jersey Energy Associates,10308,PJM,NG,GAS,0.24974,430.2,2016-01-05,2.33
48682,NJ,Ocean Peaking Power,55938,PJM,NG,GAS,0.07058,574.5,2016-01-05,2.33
49048,NJ,Pedricktown Cogeneration Plant,10099,PJM,NG,GAS,0.14487,134.5,2016-01-05,2.33
49414,NJ,Princeton University Cogeneration,58584,PJM,NG,GAS,0.37886,20,2016-01-05,2.33
49780,NJ,PSEG Edison Generating Station,2400,PJM,NG,GAS,,501.6,2016-01-05,2.33
50146,NJ,"Red Oak Power, LLC",55239,PJM,NG,GAS,0.82794,821.1,2016-01-05,2.33
50512,NJ,Rutgers Biomedical and Health Cogen,50411,PJM,NG,GAS,0.68558,10.5,2016-01-05,2.33
50878,NJ,Sayreville,2390,PJM,NG,GAS,0.00092,462,2016-01-05,2.33
51244,NJ,Sewaren Generating Station,2411,PJM,NG,GAS,0.00633,1284.4,2016-01-05,2.33
51610,NJ,Veolia Energy Trenton L.P.,50094,PJM,NG,GAS,0.01484,21.2,2016-01-05,2.33
51976,NJ,West Deptford Energy Station,56963,PJM,NG,GAS,0.72419,754.6,2016-01-05,2.33
52342,NJ,Woodbridge Energy Center,57839,PJM,NG,GAS,0.68232,795,2016-01-05,2.33
52708,OH,AMP-Ohio Gas Turbines Bowling Green,55262,PJM,NG,GAS,0.00605,49.5,2016-01-05,2.33
53074,OH,AMP-Ohio Gas Turbines Galion,55263,PJM,NG,GAS,0.00784,49.5,2016-01-05,2.33
53440,OH,AMP-Ohio Gas Turbines Napoleon,55264,PJM,NG,GAS,0.0071,49.5,2016-01-05,2.33
53806,OH,Ashtabula,55990,PJM,NG,GAS,0.65857,26.1,2016-01-05,2.33
54172,OH,Bay View Backup Power Facility,58269,PJM,NG,GAS,0.04317,12,2016-01-05,2.33
54538,OH,Broshco Fabricated Products,59373,PJM,NG,GAS,0.11178,4.7,2016-01-05,2.33
54904,OH,Bryan (OH),2903,PJM,NG,GAS,0.00642,39.3,2016-01-05,2.33
55270,OH,Carroll County Energy,59773,PJM,NG,GAS,,832.3,2016-01-05,2.33
55636,OH,Central Utility Plant Cincinnati,57908,PJM,NG,GAS,0.41644,47.2,2016-01-05,2.33
56002,OH,"Clean Energy Future-Lordstown, LLC",60376,PJM,NG,GAS,,962,2016-01-05,2.33
56368,OH,Collinwood,2906,PJM,NG,GAS,0,16,2016-01-05,2.33
56734,OH,Darby Electric Generating Station,55247,PJM,NG,GAS,0.01378,564,2016-01-05,2.33
57100,OH,Dresden Energy Facility,55350,PJM,NG,GAS,0.66586,678.3,2016-01-05,2.33
57466,OH,"Dynegy Dicks Creek, LLC",2831,PJM,NG,GAS,0.00144,159.1,2016-01-05,2.33
57832,OH,"Dynegy Hanging Rock II, LLC",55736,PJM,NG,GAS,0.86108,1288.2,2016-01-05,2.33
58198,OH,"Dynegy Washington II, LLC",55397,PJM,NG,GAS,0.69881,714.9,2016-01-05,2.33
58564,OH,Frank M Tait Station,2847,PJM,NG,GAS,0.06514,304.6,2016-01-05,2.33
58930,OH,Fremont Energy Center,55701,PJM,NG,GAS,0.26526,739.5,2016-01-05,2.33
59296,OH,Greenville Electric Gen Station,55228,PJM,NG,GAS,0.04168,236,2016-01-05,2.33
59662,OH,Hamilton Municipal Power Plant,2917,PJM,NG,GAS,0,138.1,2016-01-05,2.33
60028,OH,Hannibal Port Power Project,61322,PJM,NG,GAS,,485,2016-01-05,2.33
60394,OH,Heat Plant 770,57926,PJM,NG,GAS,0,2,2016-01-05,2.33
60760,OH,Madison Generating Station,55110,PJM,NG,GAS,0.07364,692,2016-01-05,2.33
61126,OH,Middletown Energy Center,59326,PJM,NG,GAS,,543.9,2016-01-05,2.33
61492,OH,Morton Salt Rittman,54335,PJM,NG,GAS,0.21795,4,2016-01-05,2.33
61858,OH,O H Hutchings,2848,PJM,NG,GAS,1e-05,446.6,2016-01-05,2.33
62224,OH,Oberlin (OH),2933,PJM,NG,GAS,0.00355,22,2016-01-05,2.33
62590,OH,Omega JV2 Bowling Green,7783,PJM,NG,GAS,0.00971,32,2016-01-05,2.33
62956,OH,Omega JV2 Hamilton,7782,PJM,NG,GAS,0.01079,32,2016-01-05,2.33
63322,OH,Oregon Clean Energy Center,59764,PJM,NG,GAS,,1061.5,2016-01-05,2.33
63688,OH,Procter & Gamble Cincinnati Plant,50456,PJM,NG,GAS,0.18302,12.5,2016-01-05,2.33
64054,OH,Richland Peaking Station,2880,PJM,NG,GAS,0.03656,450,2016-01-05,2.33
64420,OH,Robert P Mone,7872,PJM,NG,GAS,0.02028,594,2016-01-05,2.33
64786,OH,Rolling Hills Generating LLC,55401,PJM,NG,GAS,0.04796,977.5,2016-01-05,2.33
65152,OH,South Field Energy,60356,PJM,NG,GAS,,1105,2016-01-05,2.33
65518,OH,Summit Street Power Plant,58140,PJM,NG,GAS,0.35539,13.2,2016-01-05,2.33
65884,OH,Tait Electric Generating Station,55248,PJM,NG,GAS,0.12482,376,2016-01-05,2.33
66250,OH,"Troy Energy, LLC",55348,PJM,NG,GAS,0.03149,688,2016-01-05,2.33
66616,OH,Waterford Plant,55503,PJM,NG,GAS,0.8105,921.6,2016-01-05,2.33
66982,OH,West 41st Street,2909,PJM,NG,GAS,0.00461,32,2016-01-05,2.33
67348,OH,Woodsdale,7158,PJM,NG,GAS,0.00632,571.8,2016-01-05,2.33
67714,PA,Allegheny Energy Units 1 & 2,55196,PJM,NG,GAS,0.11387,87.6,2016-01-05,2.33
68080,PA,"Allegheny Energy Units 3, 4 & 5",55710,PJM,NG,GAS,0.90381,556,2016-01-05,2.33
68446,PA,Allegheny Energy Units 8 & 9,55377,PJM,NG,GAS,0.06141,87.6,2016-01-05,2.33
68812,PA,Alpaca,58813,PJM,NG,GAS,,43,2016-01-05,2.33
69178,PA,Amity Energy LLC,59418,PJM,NG,GAS,,43,2016-01-05,2.33
69544,PA,Anchor Energy,61304,PJM,NG,GAS,,22,2016-01-05,2.33
69910,PA,"Armstrong Power, LLC",55347,PJM,NG,GAS,0.19445,688,2016-01-05,2.33
70276,PA,Bayles,58816,PJM,NG,GAS,,43,2016-01-05,2.33
70642,PA,Beaver Dam,58811,PJM,NG,GAS,0.32351,22,2016-01-05,2.33
71008,PA,Bethlehem Power Plant,55690,PJM,NG,GAS,0.529,1153,2016-01-05,2.33
71374,PA,Birdsboro Power,61035,PJM,NG,GAS,,488,2016-01-05,2.33
71740,PA,Blossburg,3120,PJM,NG,GAS,0.01348,24,2016-01-05,2.33
72106,PA,Brunot Island Power Station,3096,PJM,NG,GAS,0.01432,416.4,2016-01-05,2.33
72472,PA,Bucknell University,54333,PJM,NG,GAS,0.66775,5.9,2016-01-05,2.33
72838,PA,Chambersburg Units 12 & 13,55654,PJM,NG,GAS,0.24755,87.6,2016-01-05,2.33
73204,PA,CPV Fairview Energy Center,60589,PJM,NG,GAS,,1100,2016-01-05,2.33
73570,PA,"Dynegy Fayette II, LLC",55516,PJM,NG,GAS,0.81649,644.1,2016-01-05,2.33
73936,PA,East Campus Steam Plant,58195,PJM,NG,GAS,0.88508,7,2016-01-05,2.33
74302,PA,"Fairless Energy, LLC",55298,PJM,NG,GAS,0.73194,1338,2016-01-05,2.33
74668,PA,Falling Spring,7397,PJM,NG,GAS,0.01308,7.2,2016-01-05,2.33
75034,PA,Florey Knobb,58821,PJM,NG,GAS,,43,2016-01-05,2.33
75400,PA,Good Spring NGCC Facility,58409,PJM,NG,GAS,,358,2016-01-05,2.33
75766,PA,Grays Ferry Cogen Partnership,54785,PJM,NG,GAS,0.58403,192.6,2016-01-05,2.33
76132,PA,Handsome Lake Energy,55233,PJM,NG,GAS,0.0614,294.5,2016-01-05,2.33
76498,PA,Hazleton Generation,10870,PJM,NG,GAS,0.00084,171.5,2016-01-05,2.33
76864,PA,Helix Ironwood LLC,55337,PJM,NG,GAS,0.7924,777.6,2016-01-05,2.33
77230,PA,Hickory Run Energy Station,61028,PJM,NG,GAS,,1072,2016-01-05,2.33
77596,PA,Holdridge Energy,61305,PJM,NG,GAS,,22,2016-01-05,2.33
77962,PA,Hop Bottom,58800,PJM,NG,GAS,,43,2016-01-05,2.33
78328,PA,Hunlock Creek Energy Center,3176,PJM,NG,GAS,0.57294,145.9,2016-01-05,2.33
78694,PA,Hunlock Unit 4,56397,PJM,NG,GAS,0.0087,44,2016-01-05,2.33
79060,PA,Hunterstown Combined Cycle,55976,PJM,NG,GAS,0.58189,898,2016-01-05,2.33
79426,PA,Indiana University of Pennsylvania,10129,PJM,NG,GAS,0.12084,24.4,2016-01-05,2.33
79792,PA,Lackawanna Energy Center,60357,PJM,NG,GAS,,1665,2016-01-05,2.33
80158,PA,Liberty Electric Power Plant,55231,PJM,NG,GAS,0.76907,614,2016-01-05,2.33
80524,PA,"Lower Mount Bethel Energy, LLC",55667,PJM,NG,GAS,0.69019,651.6,2016-01-05,2.33
80890,PA,"MARCUS HOOK 50, L.P.",50074,PJM,NG,GAS,0.0003,50.5,2016-01-05,2.33
81256,PA,"Marcus Hook Energy, LP",55801,PJM,NG,GAS,0.68681,836.1,2016-01-05,2.33
81622,PA,Merck & Company - West Point,52149,PJM,NG,GAS,0.37889,91.1,2016-01-05,2.33
81988,PA,Milan,58818,PJM,NG,GAS,,43,2016-01-05,2.33
82354,PA,Mineral Point Energy,61300,PJM,NG,GAS,,22,2016-01-05,2.33
82720,PA,Moxie Freedom Generation Plant,59906,PJM,NG,GAS,,1071,2016-01-05,2.33
83086,PA,New Castle,3138,PJM,NG,GAS,0.22443,424.4,2016-01-05,2.33
83452,PA,Newman (PA),54250,PJM,NG,GAS,0.70726,1.8,2016-01-05,2.33
83818,PA,Niles Valley Energy LLC,61286,PJM,NG,GAS,,22,2016-01-05,2.33
84184,PA,Ontelaunee Energy Center,55193,PJM,NG,GAS,0.65485,728,2016-01-05,2.33
84550,PA,Orchard Park,55997,PJM,NG,GAS,0.05739,24,2016-01-05,2.33
84916,PA,Oxbow Creek,58714,PJM,NG,GAS,,43,2016-01-05,2.33
85282,PA,Panda Hummel Station LLC,60368,PJM,NG,GAS,,1153.6,2016-01-05,2.33
85648,PA,Panda Liberty Power Project,58420,PJM,NG,GAS,0.34483,870,2016-01-05,2.33
86014,PA,Panda Patriot Generation Plant,58426,PJM,NG,GAS,0.3861,870,2016-01-05,2.33
86380,PA,Paxton Creek Cogeneration,50373,PJM,NG,GAS,0.03062,12.6,2016-01-05,2.33
86746,PA,Portland,3113,PJM,NG,GAS,0.00029,621,2016-01-05,2.33
87112,PA,Procter & Gamble Paper Products,50463,PJM,NG,GAS,0.8341,120.2,2016-01-05,2.33
87478,PA,Red Glen Energy,61306,PJM,NG,GAS,,22,2016-01-05,2.33
87844,PA,Renovo Energy Center,60786,PJM,NG,GAS,,1026,2016-01-05,2.33
88210,PA,Robinson Power Company LLC,56453,PJM,NG,GAS,,1025,2016-01-05,2.33
88576,PA,Roundtop,58715,PJM,NG,GAS,0.45214,22,2016-01-05,2.33
88942,PA,Shawville,3131,PJM,NG,GAS,0.0326,632,2016-01-05,2.33
89308,PA,Shell Chemical Appalachia LLC,58933,PJM,NG,GAS,,273,2016-01-05,2.33
89674,PA,Spring House,59056,PJM,NG,GAS,0.70431,3.8,2016-01-05,2.33
90040,PA,Stourbridge Energy,61301,PJM,NG,GAS,,22,2016-01-05,2.33
90406,PA,Temple SEGF,58897,PJM,NG,GAS,0.00646,16,2016-01-05,2.33
90772,PA,Tenaska Westmoreland Generating Station,60464,PJM,NG,GAS,,1134,2016-01-05,2.33
91138,PA,Whitemarsh Central Utility Plant,56513,PJM,NG,GAS,0.01819,1.6,2016-01-05,2.33
91504,PA,Wolf Run Energy,61263,PJM,NG,GAS,,22,2016-01-05,2.33
91870,PA,Wrighter Energy,61302,PJM,NG,GAS,,22,2016-01-05,2.33
92236,PA,York Energy Center,55524,PJM,NG,GAS,0.11292,1569.4,2016-01-05,2.33
92602,PA,York Generation Company LLC,54693,PJM,NG,GAS,0.05884,68.8,2016-01-05,2.33
92968,VA,Bear Garden Generating Station,56807,PJM,NG,GAS,0.73811,559,2016-01-05,2.33
93334,VA,Bellemeade Power Station,50966,PJM,NG,GAS,0.324,330,2016-01-05,2.33
93700,VA,Bremo Power Station,3796,PJM,NG,GAS,0.18011,254.2,2016-01-05,2.33
94066,VA,Brunswick County Power Station,58260,PJM,NG,GAS,0.45714,1472.2,2016-01-05,2.33
94432,VA,Buchanan Units 1 & 2,55738,PJM,NG,GAS,0.30327,88,2016-01-05,2.33
94798,VA,Celanese Acetate LLC,52089,PJM,NG,GAS,0.59062,29.8,2016-01-05,2.33
95164,VA,Clinch River,3775,PJM,NG,GAS,0.04759,712.5,2016-01-05,2.33
95530,VA,CPV Smyth Generation Company LLC,58878,PJM,NG,GAS,,1017,2016-01-05,2.33
95896,VA,Darbytown Combustion Turbine,7212,PJM,NG,GAS,0.01014,368.4,2016-01-05,2.33
96262,VA,Doswell Limited Partnership,52019,PJM,NG,GAS,0.39271,1313,2016-01-05,2.33
96628,VA,Elizabeth River Combustion Turbine Sta,52087,PJM,NG,GAS,0.04374,388.8,2016-01-05,2.33
96994,VA,Elkton,52148,PJM,NG,GAS,0.14215,9.8,2016-01-05,2.33
97360,VA,Gordonsville Power Station,54844,PJM,NG,GAS,0.34925,300.4,2016-01-05,2.33
97726,VA,"GP Big Island, LLC",50479,PJM,NG,GAS,0.87051,7.9,2016-01-05,2.33
98092,VA,Gravel Neck Combustion Turbine,7032,PJM,NG,GAS,0.03871,407.7,2016-01-05,2.33
98458,VA,Greensville County Power Station,59913,PJM,NG,GAS,,1773.3,2016-01-05,2.33
98824,VA,Harrisonburg Power Plant,56006,PJM,NG,GAS,0,2.5,2016-01-05,2.33
99190,VA,Hopewell Cogeneration Facility,10633,PJM,NG,GAS,0.34335,399,2016-01-05,2.33
99556,VA,HP Hood CT,59860,PJM,NG,GAS,0.71285,15,2016-01-05,2.33
99922,VA,Ladysmith Combustion Turbine Sta,7839,PJM,NG,GAS,0.09847,892.5,2016-01-05,2.33
100288,VA,Louisa Generation Facility,7837,PJM,NG,GAS,0.08085,509.1,2016-01-05,2.33
100654,VA,Marsh Run Generation Facility,7836,PJM,NG,GAS,0.08812,708.8,2016-01-05,2.33
101020,VA,"MeadWestvaco of Virginia, Covington",50900,PJM,NG,GAS,0.58568,187.4,2016-01-05,2.33
101386,VA,Park 500 Philip Morris USA,50275,PJM,NG,GAS,0.11582,19.1,2016-01-05,2.33
101752,VA,Possum Point Power Station,3804,PJM,NG,GAS,0.19432,2081.9,2016-01-05,2.33
102118,VA,Remington Combustion Turbine Station,7838,PJM,NG,GAS,0.10794,705.5,2016-01-05,2.33
102484,VA,Stonewall,59004,PJM,NG,GAS,,802,2016-01-05,2.33
102850,VA,Tenaska Virginia Generating Station,55439,PJM,NG,GAS,0.62829,946.1,2016-01-05,2.33
103216,VA,Virginia Tech Power Plant,56785,PJM,NG,GAS,0.3017,6.3,2016-01-05,2.33
103582,VA,Warren County Power Station,55939,PJM,NG,GAS,0.66118,1472.2,2016-01-05,2.33
103948,VA,Wolf Hills Energy,55285,PJM,NG,GAS,0.04033,285,2016-01-05,2.33
104314,WV,Big Sandy Peaker Plant,55284,PJM,NG,GAS,0.03695,353.4,2016-01-05,2.33
104680,WV,Ceredo Generating Station,55276,PJM,NG,GAS,0.02433,519,2016-01-05,2.33
105046,WV,ESC Brooke County Power I,60202,PJM,NG,GAS,,841.5,2016-01-05,2.33
105412,WV,ESC Harrison County Power,60206,PJM,NG,GAS,,578.9,2016-01-05,2.33
105778,WV,Moundsville Power,59720,PJM,NG,GAS,,712.6,2016-01-05,2.33
106144,WV,"Pleasants Energy, LLC",55349,PJM,NG,GAS,0.1613,344,2016-01-05,2.33
